<?xml version="1.0" encoding="UTF-8"?>
<addon id="repository.kuba"
  version="1.0.5"
  name="Jakub Cizek repository"
  provider-name="Hacky">
  <extension point="xbmc.addon.repository"
    name="Kuba repo">
    <dir>
      <info compressed="false">https://kubacizek.github.io/repo/addons.xml</info>
      <checksum>https://kubacizek.github.io/repo/addons.xml.md5</checksum>
      <datadir zip="true">https://kubacizek.github.io/repo/</datadir>
    </dir>
  </extension>
  <extension point="xbmc.addon.metadata">
    <summary>Jakub Cizek repository</summary>
    <description>
      Contains Stream Cinema 2.0 dependencies
      - Stream Cinema 2.0 zip files are not stored on kodi.anonymouz.eu
      - this repository only contains SC2 dependencies and redirects 
      to the latest SC2 zip file stored on git.hotshot.sk
      - author of this repository is not responsible for the Stream Cinema 2 addon 
      or for any damages caused by using Stream Cinema 2 addon.
      - all updates are fully automatic via auto-redirects to the server git.hotshot.sk 
      - author of this repository is in no way connected to the git.hotshot.sk 
      or Stream Cinema 2 addon
    </description>
    <description lang="cs">
      Neco zkusim
    </description>
    <platform>all</platform>
    <language>en cs sk</language>
  </extension>
</addon>
